id;start_date;end_date;language
1;2024-06-01T10:31:19;2024-06-02T05:49:31;SPANISH
2;2024-06-01T19:40:44;2024-06-01T13:53:24;ENGLISH
3;2024-06-01T20:51:20;2024-06-02T04:53:57;FRENCH
4;2024-06-02T04:08:47;2024-06-01T13:59:37;ENGLISH
5;2024-06-01T16:28:14;2024-06-01T22:37:46;ENGLISH
6;2024-06-02T03:18:25;2024-06-01T19:10:41;ENGLISH
7;2024-06-01T08:40:32;2024-06-02T04:30:51;ENGLISH
8;2024-06-02T06:54:13;2024-06-01T19:47:44;SPANISH
9;2024-06-01T20:10:57;2024-06-02T06:14:08;FRENCH
10;2024-06-01T20:23:15;2024-06-01T09:41:57;ENGLISH
